{"cameraMode":{"drawMode":0,"name":"Shaded","section":"Shading Mode"},"sceneLighting":false,"audioPlay":false,"sceneViewState":{"showFog":true,"showMaterialUpdate":false,"showSkybox":false,"showFlares":true,"showImageEffects":true,"showParticleSystems":true},"in2DMode":false,"pivot":{"x":-2.9859514236450197,"y":0.673049807548523,"z":-0.49499988555908205},"rotation":{"x":-0.24812884628772736,"y":0.6602594256401062,"z":-0.24650157988071443,"w":-0.6646355390548706},"size":17.073591232299806,"orthographic":false}