{"cameraMode":{"drawMode":0,"name":"Shaded","section":"Shading Mode"},"sceneLighting":true,"audioPlay":false,"sceneViewState":{"showFog":true,"showMaterialUpdate":false,"showSkybox":true,"showFlares":true,"showImageEffects":true,"showParticleSystems":true},"in2DMode":false,"pivot":{"x":1.3899999856948853,"y":0.7400000095367432,"z":10.149999618530274},"rotation":{"x":-0.11725827306509018,"y":0.5060219764709473,"z":-0.06965470314025879,"w":-0.8516913652420044},"size":5.6660261154174809,"orthographic":false}